{"cameraMode":{"drawMode":0,"name":"Shaded","section":"Shading Mode"},"sceneLighting":false,"audioPlay":false,"sceneViewState":{"showFog":true,"showMaterialUpdate":false,"showSkybox":false,"showFlares":true,"showImageEffects":true,"showParticleSystems":true},"in2DMode":false,"pivot":{"x":0.37499991059303286,"y":-4.172325134277344e-7,"z":4.172325134277344e-7},"rotation":{"x":-0.28487303853034975,"y":-0.38813427090644839,"z":0.1275360882282257,"w":-0.8672266602516174},"size":2.3696348667144777,"orthographic":false}