{"cameraMode":{"drawMode":0,"name":"Shaded","section":"Shading Mode"},"sceneLighting":false,"audioPlay":false,"sceneViewState":{"showFog":true,"showMaterialUpdate":false,"showSkybox":false,"showFlares":true,"showImageEffects":true,"showParticleSystems":true},"in2DMode":false,"pivot":{"x":-4.172325134277344e-7,"y":3.5762786865234377e-7,"z":-0.3749999403953552},"rotation":{"x":0.4485461413860321,"y":-0.44765037298202517,"z":0.2780281901359558,"w":0.721932053565979},"size":2.3696343898773195,"orthographic":false}