{"cameraMode":{"drawMode":0,"name":"Shaded","section":"Shading Mode"},"sceneLighting":false,"audioPlay":false,"sceneViewState":{"showFog":true,"showMaterialUpdate":false,"showSkybox":false,"showFlares":true,"showImageEffects":true,"showParticleSystems":true},"in2DMode":false,"pivot":{"x":0.0013120472431182862,"y":4.6193599700927737e-7,"z":0.3749985098838806},"rotation":{"x":0.06980276852846146,"y":0.863262414932251,"z":-0.4821317791938782,"w":0.1367042064666748},"size":2.3696303367614748,"orthographic":false}