{"cameraMode":{"drawMode":0,"name":"Shaded","section":"Shading Mode"},"sceneLighting":true,"audioPlay":false,"sceneViewState":{"showFog":true,"showMaterialUpdate":false,"showSkybox":true,"showFlares":true,"showImageEffects":true,"showParticleSystems":true},"in2DMode":false,"pivot":{"x":-0.6121718883514404,"y":-1.4218765497207642,"z":3.421738624572754},"rotation":{"x":-0.1306825876235962,"y":-0.19177217781543733,"z":0.023735713213682176,"w":-0.972588837146759},"size":16.751123428344728,"orthographic":true}