{"cameraMode":{"drawMode":0,"name":"Shaded","section":"Shading Mode"},"sceneLighting":false,"audioPlay":false,"sceneViewState":{"showFog":true,"showMaterialUpdate":false,"showSkybox":false,"showFlares":true,"showImageEffects":true,"showParticleSystems":true},"in2DMode":false,"pivot":{"x":-4.172325134277344e-7,"y":-4.76837158203125e-7,"z":-0.3750007748603821},"rotation":{"x":0.2321740984916687,"y":-0.40737104415893557,"z":0.10788902640342713,"w":0.8766558170318604},"size":2.3696343898773195,"orthographic":true}