{"cameraMode":{"drawMode":0,"name":"Shaded","section":"Shading Mode"},"sceneLighting":false,"audioPlay":false,"sceneViewState":{"showFog":true,"showMaterialUpdate":false,"showSkybox":false,"showFlares":true,"showImageEffects":true,"showParticleSystems":true},"in2DMode":false,"pivot":{"x":0.001968294382095337,"y":4.76837158203125e-7,"z":0.3749983310699463},"rotation":{"x":0.053442806005477908,"y":-0.951274037361145,"z":0.24224331974983216,"w":0.1864670366048813},"size":2.3711390495300295,"orthographic":true}