{"cameraMode":{"drawMode":0,"name":"Shaded","section":"Shading Mode"},"sceneLighting":false,"audioPlay":false,"sceneViewState":{"showFog":true,"showMaterialUpdate":false,"showSkybox":false,"showFlares":true,"showImageEffects":true,"showParticleSystems":true},"in2DMode":false,"pivot":{"x":0.0013120770454406739,"y":5.066394805908203e-7,"z":0.3687485158443451},"rotation":{"x":0.053442806005477908,"y":-0.951274037361145,"z":0.24224331974983216,"w":0.1864670366048813},"size":2.3793303966522219,"orthographic":true}