{"cameraMode":{"drawMode":0,"name":"Shaded","section":"Shading Mode"},"sceneLighting":false,"audioPlay":false,"sceneViewState":{"showFog":true,"showMaterialUpdate":false,"showSkybox":false,"showFlares":true,"showImageEffects":true,"showParticleSystems":true},"in2DMode":false,"pivot":{"x":1.3775153160095215,"y":-3.0873429775238039,"z":0.42304515838623049},"rotation":{"x":-0.05964338779449463,"y":0.9248260259628296,"z":-0.3386349081993103,"w":-0.16285015642642976},"size":4.914471626281738,"orthographic":false}