{"cameraMode":{"drawMode":0,"name":"Shaded","section":"Shading Mode"},"sceneLighting":false,"audioPlay":false,"sceneViewState":{"showFog":true,"showMaterialUpdate":false,"showSkybox":false,"showFlares":true,"showImageEffects":true,"showParticleSystems":true},"in2DMode":false,"pivot":{"x":-0.000003039836883544922,"y":-2.980232238769531e-7,"z":4.172325134277344e-7},"rotation":{"x":0.33896270394325259,"y":-0.5370417833328247,"z":0.24380739033222199,"w":0.7337027192115784},"size":2.857893705368042,"orthographic":true}