{"cameraMode":{"drawMode":0,"name":"Shaded","section":"Shading Mode"},"sceneLighting":false,"audioPlay":false,"sceneViewState":{"showFog":true,"showMaterialUpdate":false,"showSkybox":false,"showFlares":true,"showImageEffects":true,"showParticleSystems":true},"in2DMode":false,"pivot":{"x":2.411287307739258,"y":-5.102516174316406,"z":1.0788425207138062},"rotation":{"x":-0.033313531428575519,"y":0.9355894923210144,"z":-0.3393975496292114,"w":-0.09179388731718064},"size":6.810872554779053,"orthographic":false}