{"cameraMode":{"drawMode":0,"name":"Shaded","section":"Shading Mode"},"sceneLighting":false,"audioPlay":false,"sceneViewState":{"showFog":true,"showMaterialUpdate":false,"showSkybox":false,"showFlares":true,"showImageEffects":true,"showParticleSystems":true},"in2DMode":false,"pivot":{"x":0.37499991059303286,"y":0.37499988079071047,"z":-0.37500080466270449},"rotation":{"x":-0.20750458538532258,"y":0.7372446656227112,"z":-0.24951259791851045,"w":-0.5935946702957153},"size":1.2116590738296509,"orthographic":true}