{"cameraMode":{"drawMode":0,"name":"Shaded","section":"Shading Mode"},"sceneLighting":false,"audioPlay":false,"sceneViewState":{"showFog":true,"showMaterialUpdate":false,"showSkybox":false,"showFlares":true,"showImageEffects":true,"showParticleSystems":true},"in2DMode":false,"pivot":{"x":-4.76837158203125e-7,"y":-4.172325134277344e-7,"z":-4.76837158203125e-7},"rotation":{"x":0.07714556157588959,"y":-0.9224427342414856,"z":0.28170809149742129,"w":0.252610981464386},"size":7.379782676696777,"orthographic":false}