{"cameraMode":{"drawMode":0,"name":"Shaded","section":"Shading Mode"},"sceneLighting":false,"audioPlay":false,"sceneViewState":{"showFog":true,"showMaterialUpdate":false,"showSkybox":false,"showFlares":true,"showImageEffects":true,"showParticleSystems":true},"in2DMode":false,"pivot":{"x":0.001968279480934143,"y":4.470348358154297e-7,"z":0.3749983012676239},"rotation":{"x":0.06980276852846146,"y":0.863262414932251,"z":-0.4821317791938782,"w":0.1367042064666748},"size":2.3711390495300295,"orthographic":false}