{"cameraMode":{"drawMode":0,"name":"Shaded","section":"Shading Mode"},"sceneLighting":false,"audioPlay":false,"sceneViewState":{"showFog":true,"showMaterialUpdate":false,"showSkybox":false,"showFlares":true,"showImageEffects":true,"showParticleSystems":true},"in2DMode":false,"pivot":{"x":-5.364418029785156e-7,"y":5.21540641784668e-7,"z":-0.37499967217445376},"rotation":{"x":0.36397889256477358,"y":-0.3106071352958679,"z":0.13018803298473359,"w":0.868393063545227},"size":2.3696343898773195,"orthographic":true}