{"cameraMode":{"drawMode":0,"name":"Shaded","section":"Shading Mode"},"sceneLighting":false,"audioPlay":false,"sceneViewState":{"showFog":true,"showMaterialUpdate":false,"showSkybox":false,"showFlares":true,"showImageEffects":true,"showParticleSystems":true},"in2DMode":false,"pivot":{"x":-0.0000027418136596679689,"y":-0.0000026226043701171877,"z":-0.000002682209014892578},"rotation":{"x":0.33896270394325259,"y":-0.5370417833328247,"z":0.24380739033222199,"w":0.7337027192115784},"size":2.857891082763672,"orthographic":true}