{"cameraMode":{"drawMode":0,"name":"Shaded","section":"Shading Mode"},"sceneLighting":false,"audioPlay":false,"sceneViewState":{"showFog":true,"showMaterialUpdate":false,"showSkybox":false,"showFlares":true,"showImageEffects":true,"showParticleSystems":true},"in2DMode":false,"pivot":{"x":-0.0006591081619262695,"y":0.37499576807022097,"z":0.0000010728836059570313},"rotation":{"x":0.5867237448692322,"y":0.09776242822408676,"z":-0.07163985818624497,"w":0.8006659746170044},"size":2.37113881111145,"orthographic":false}