{"cameraMode":{"drawMode":0,"name":"Shaded","section":"Shading Mode"},"sceneLighting":false,"audioPlay":false,"sceneViewState":{"showFog":true,"showMaterialUpdate":false,"showSkybox":false,"showFlares":true,"showImageEffects":true,"showParticleSystems":true},"in2DMode":false,"pivot":{"x":-1.250001072883606,"y":1.250001072883606,"z":-1.250001311302185},"rotation":{"x":-0.08998425304889679,"y":0.8744216561317444,"z":-0.4423188269138336,"w":-0.17789055407047273},"size":7.144716262817383,"orthographic":false}