{"cameraMode":{"drawMode":0,"name":"Shaded","section":"Shading Mode"},"sceneLighting":false,"audioPlay":false,"sceneViewState":{"showFog":true,"showMaterialUpdate":false,"showSkybox":false,"showFlares":true,"showImageEffects":true,"showParticleSystems":true},"in2DMode":false,"pivot":{"x":0.5716394186019898,"y":0.06858360767364502,"z":-0.2472459077835083},"rotation":{"x":-0.039624832570552829,"y":0.9592076539993286,"z":-0.2210519164800644,"w":-0.17187392711639405},"size":2.985788583755493,"orthographic":false}