{"cameraMode":{"drawMode":0,"name":"Shaded","section":"Shading Mode"},"sceneLighting":false,"audioPlay":false,"sceneViewState":{"showFog":true,"showMaterialUpdate":false,"showSkybox":false,"showFlares":true,"showImageEffects":true,"showParticleSystems":true},"in2DMode":false,"pivot":{"x":0.0000019073486328125,"y":6.556510925292969e-7,"z":-4.172325134277344e-7},"rotation":{"x":-0.526040256023407,"y":0.45509472489356997,"z":-0.4006554186344147,"w":-0.5965072512626648},"size":2.857893228530884,"orthographic":false}