{"cameraMode":{"drawMode":0,"name":"Shaded","section":"Shading Mode"},"sceneLighting":true,"audioPlay":false,"sceneViewState":{"showFog":true,"showMaterialUpdate":false,"showSkybox":true,"showFlares":true,"showImageEffects":true,"showParticleSystems":true},"in2DMode":false,"pivot":{"x":-2.399385929107666,"y":0.5142021179199219,"z":0.44115209579467776},"rotation":{"x":0.0006186654209159315,"y":0.9410838484764099,"z":-0.338200181722641,"w":0.0017017071368172765},"size":14.53051471710205,"orthographic":true}